m,n,func,seed,ins_ms,coll_tbl,coll_lst,find_ms_hits,find_ms_misses,cmp_hits,cmp_misses,checksum
1009,1000,H_DIV,137,0.4,364,131,4.0451999999999996E-4,3.3395999999999995E-4,1.486,1.052,4450
1009,1000,H_DIV,271828,0.0,378,140,2.8648000000000004E-4,2.3224E-4,1.494,1.034,6079
1009,1000,H_DIV,314159,0.0,378,155,2.286E-4,2.1996E-4,1.518,0.968,4498
1009,1000,H_MUL,137,2.2,394,140,3.6652E-4,2.7739999999999997E-4,1.506,1.018,5801
1009,1000,H_MUL,271828,0.0,363,146,2.9496E-4,3.0984E-4,1.534,0.99,5610
1009,1000,H_MUL,314159,1.6,379,132,2.64E-4,2.464E-4,1.5,0.976,6519
1009,1000,H_FOLD,137,0.0,354,121,2.7748000000000003E-4,2.4856E-4,1.486,1.018,3920
1009,1000,H_FOLD,271828,0.0,366,142,2.3763999999999998E-4,1.7072E-4,1.526,1.08,5284
1009,1000,H_FOLD,314159,0.4,351,117,3.0036E-4,2.276E-4,1.454,0.964,7278
1009,10000,H_DIV,137,3.2,8991,40343,2.1259748050389923E-4,3.150830166033207E-4,5.936612677464507,9.96139227845569,4450
1009,10000,H_DIV,271828,3.0,8991,40639,1.6652E-4,2.23136E-4,5.9514,9.9304,6079
1009,10000,H_DIV,314159,0.0,8993,41195,1.9478800000000002E-4,2.80484E-4,6.0298,9.8892,4498
1009,10000,H_MUL,137,4.6,8991,40916,1.64375124975005E-4,2.004240848169634E-4,5.969406118776245,9.966793358671735,5801
1009,10000,H_MUL,271828,1.2,8991,40628,1.82308E-4,2.45544E-4,5.9596,9.8994,5610
1009,10000,H_MUL,314159,1.2,8991,40567,1.71208E-4,2.34232E-4,5.9058,9.8846,6519
1009,10000,H_FOLD,137,1.6,8991,40596,1.8479104179164167E-4,2.2686537307461493E-4,6.020195960807839,9.924384876975395,3920
1009,10000,H_FOLD,271828,0.8,8991,40373,1.7461600000000002E-4,2.28884E-4,5.9048,9.9496,5284
1009,10000,H_FOLD,314159,0.0,8991,40774,1.7657599999999998E-4,2.1837200000000002E-4,5.9914,9.9488,7278
1009,100000,H_DIV,137,92.8,98991,4856074,0.0012319170466362692,0.002484459556764541,50.54309655227582,99.15919273541883,4450
1009,100000,H_DIV,271828,97.8,98991,4858686,0.0010791852162956742,0.0022269621392427847,50.58528829423412,99.18666373327467,6079
1009,100000,H_DIV,314159,87.8,98991,4854768,0.0012340900727941765,0.002470414433154652,50.53203743700504,99.14491159292743,4498
1009,100000,H_MUL,137,92.6,98991,4859700,0.0012361723062155026,0.002445104008320666,50.61977041836653,99.19127530202417,5801
1009,100000,H_MUL,271828,123.4,98991,4858510,0.001247185056298874,0.002564002080041601,50.60590788184236,99.04820096401929,5610
1009,100000,H_MUL,314159,93.8,98991,4859637,0.0013127105831533476,0.00261989999199936,50.6197504199664,99.08928714297144,6519
1009,100000,H_FOLD,137,83.6,98991,4857920,0.0011796232301415886,0.002375221217697416,50.60159187265019,99.16019281542523,3920
1009,100000,H_FOLD,271828,79.4,98991,4854811,0.0018771964560708786,0.0037600760015200304,50.5085098298034,99.09266185323706,5284
1009,100000,H_FOLD,314159,81.4,98991,4855567,0.001569124070074394,0.0032294235538843107,50.522798176145905,99.12376990159213,7278
10007,1000,H_DIV,137,0.0,46,0,4.7560000000000005E-5,4.932E-5,1.04,0.12,54930
10007,1000,H_DIV,271828,0.0,44,0,4.668E-5,4.584E-5,1.04,0.116,43110
10007,1000,H_DIV,314159,0.0,63,2,5.0159999999999994E-5,4.96E-5,1.062,0.104,43163
10007,1000,H_MUL,137,0.0,58,2,5.104E-5,5.3200000000000006E-5,1.046,0.116,57560
10007,1000,H_MUL,271828,0.0,48,1,4.972E-5,4.876E-5,1.038,0.084,55683
10007,1000,H_MUL,314159,0.0,47,1,5.36E-5,5.304E-5,1.036,0.094,64701
10007,1000,H_FOLD,137,0.0,222,50,5.42E-5,5.604E-5,1.266,0.566,15019
10007,1000,H_FOLD,271828,0.0,239,64,5.496E-5,5.816E-5,1.328,0.634,13356
10007,1000,H_FOLD,314159,0.0,232,51,5.928E-5,5.944E-5,1.268,0.554,13332
10007,10000,H_DIV,137,1.8,3730,1419,6.637072585482903E-5,6.370874174834967E-5,1.5182963407318537,1.0164032806561312,54930
10007,10000,H_DIV,271828,0.0,3688,1232,6.447199999999999E-5,6.0292000000000005E-5,1.4894,1.0136,43110
10007,10000,H_DIV,314159,0.0,3700,1365,6.474800000000001E-5,6.0868E-5,1.5014,1.006,43163
10007,10000,H_MUL,137,0.0,3761,1390,8.106778644271145E-5,6.792958591718343E-5,1.5152969406118777,1.0022004400880176,57560
10007,10000,H_MUL,271828,0.0,3684,1310,8.08E-5,8.191200000000001E-5,1.5018,1.0108,55683
10007,10000,H_MUL,314159,0.4,3650,1289,1.22624E-4,1.03412E-4,1.476,0.9768,64701
10007,10000,H_FOLD,137,0.0,7809,20241,9.624475104979004E-5,1.1199839967993599E-4,3.8220355928814236,5.635727145429086,15019
10007,10000,H_FOLD,271828,0.0,7809,20139,1.65276E-4,1.71548E-4,3.7596,5.7196,13356
10007,10000,H_FOLD,314159,1.2,7851,21028,1.0752E-4,1.21348E-4,3.8912,5.688,13332
10007,100000,H_DIV,137,8.0,89993,410323,2.9304015678745704E-4,4.7514641171293704E-4,6.0009599232061435,9.988359068725497,54930
10007,100000,H_DIV,271828,16.4,89993,408897,4.1761444771104577E-4,6.978403568071362E-4,5.987280254394912,9.99209984199684,43110
10007,100000,H_DIV,314159,11.2,89993,409090,2.515738740900728E-4,3.9036242899431956E-4,5.985401167906567,9.972797823825907,43163
10007,100000,H_MUL,137,11.6,89995,409763,2.7589672826173903E-4,4.257628610288823E-4,6.002719782417406,10.001760140811266,57560
10007,100000,H_MUL,271828,11.0,89993,409925,5.215895682086358E-4,8.146406928138562E-4,6.008979820403592,9.972239444788896,55683
10007,100000,H_MUL,314159,24.8,89993,410234,5.732045436365091E-4,8.663193055444435E-4,6.009159267258619,9.971217697415794,64701
10007,100000,H_FOLD,137,128.2,97282,2725503,0.0018129137668986483,0.003523214657172574,29.190724742020638,56.507700616049284,15019
10007,100000,H_FOLD,271828,155.4,97297,2710373,0.0018862214755704886,0.0036527466549330988,28.98962020759585,56.52211044220884,13356
10007,100000,H_FOLD,314159,122.2,97292,2718275,0.001545527957763379,0.0029983618689495162,29.12137029037677,56.40889271141691,13332
100003,1000,H_DIV,137,0.0,7,0,1.2512E-4,1.2276E-4,1.008,0.016,408204
100003,1000,H_DIV,271828,0.0,5,0,1.4368E-4,1.2564E-4,1.004,0.004,447076
100003,1000,H_DIV,314159,0.0,4,0,1.246E-4,1.0856E-4,1.006,0.002,488736
100003,1000,H_MUL,137,0.0,9,0,1.3928E-4,1.2896E-4,1.006,0.01,575256
100003,1000,H_MUL,271828,0.0,6,0,1.2508E-4,1.1392000000000001E-4,1.004,0.01,556506
100003,1000,H_MUL,314159,0.0,3,0,1.4036000000000002E-4,1.5096E-4,1.0,0.018,646617
100003,1000,H_FOLD,137,0.0,222,50,1.3031999999999999E-4,1.3619999999999998E-4,1.266,0.566,15019
100003,1000,H_FOLD,271828,0.0,239,64,3.5244E-4,1.4256E-4,1.328,0.634,13356
100003,1000,H_FOLD,314159,0.0,232,51,1.5192E-4,1.01E-4,1.268,0.554,13332
100003,10000,H_DIV,137,1.4,541,18,1.5723255348930215E-4,1.5153830766153232E-4,1.0583883223355328,0.09761952390478096,408204
100003,10000,H_DIV,271828,1.6,519,13,1.39256E-4,1.21712E-4,1.0546,0.1034,447076
100003,10000,H_DIV,314159,0.0,461,15,1.3952000000000002E-4,1.17028E-4,1.0492,0.0998,488736
100003,10000,H_MUL,137,0.0,493,11,1.5089782043591283E-4,1.303980796159232E-4,1.046990601879624,0.10182036407281456,575256
100003,10000,H_MUL,271828,0.0,475,23,1.5755199999999999E-4,1.34196E-4,1.0468,0.103,556506
100003,10000,H_MUL,314159,0.0,498,14,1.61244E-4,1.47508E-4,1.0482,0.0984,646617
100003,10000,H_FOLD,137,1.6,7809,20241,2.229114177164567E-4,2.523504700940188E-4,3.8220355928814236,5.635727145429086,15019
100003,10000,H_FOLD,271828,0.0,7809,20139,1.9494399999999998E-4,2.37096E-4,3.7596,5.7196,13356
100003,10000,H_FOLD,314159,0.0,7851,21028,2.7044E-4,2.71524E-4,3.8912,5.688,13332
100003,100000,H_DIV,137,9.4,36828,13218,3.000679945604352E-4,2.6252780222417796E-4,1.4986601071914247,0.9947395791663333,408204
100003,100000,H_DIV,271828,6.6,36858,13395,3.2056198876022476E-4,2.659445188903778E-4,1.504109917801644,1.006820136402728,447076
100003,100000,H_DIV,314159,9.8,36759,13173,3.0003279737620986E-4,2.5794983598687894E-4,1.5003399728021758,0.9990799263941116,488736
100003,100000,H_MUL,137,6.2,36915,13444,3.4086233101351894E-4,2.8840747259780786E-4,1.5046796256299495,1.002000160012801,575256
100003,100000,H_MUL,271828,14.6,36807,13348,3.2987340253194935E-4,2.8094361887237747E-4,1.503989920201596,0.997619952399048,556506
100003,100000,H_MUL,314159,6.2,36789,12884,2.947704183665307E-4,2.5029042323385873E-4,1.4977601791856652,0.996039683174654,646617
100003,100000,H_FOLD,137,132.0,97282,2725503,0.0018619702423806096,0.0035830094407552607,29.190724742020638,56.507700616049284,15019
100003,100000,H_FOLD,271828,118.4,97297,2710373,0.001884459910801784,0.003648987779755595,28.98962020759585,56.52211044220884,13356
100003,100000,H_FOLD,314159,134.6,97292,2718275,0.0019437477001839852,0.003777282982638611,29.12137029037677,56.40889271141691,13332
